{
  "project_info": {
    "project_number": "54156504273",
    "firebase_url": "https://timetable-918a8.firebaseio.com",
    "project_id": "timetable-918a8",
    "storage_bucket": "timetable-918a8.appspot.com"
  },
  "client": [
    {
      "client_info": {
        "mobilesdk_app_id": "1:54156504273:android:5b94521b0f07d7cf",
        "android_client_info": {
          "package_name": "com.magicstar.timetable"
        }
      },
      "oauth_client": [
        {
          "client_id": "54156504273-1it99232u8bfrtpj4nc1osppu6pkalmm.apps.googleusercontent.com",
          "client_type": 1,
          "android_info": {
            "package_name": "com.magicstar.timetable",
            "certificate_hash": "e8d8684d89c06e2afe0b4bc6b2757a22e4c72ea6"
          }
        },
        {
          "client_id": "54156504273-gvlr9ui9714g6j5553af96jl3uj5keqq.apps.googleusercontent.com",
          "client_type": 3
        }
      ],
      "api_key": [
        {
          "current_key": "AIzaSyCoIRu12GCulji-RjZcLzcVDFzLnyLsHSY"
        }
      ],
      "services": {
        "analytics_service": {
          "status": 1
        },
        "appinvite_service": {
          "status": 2,
          "other_platform_oauth_client": [
            {
              "client_id": "54156504273-gvlr9ui9714g6j5553af96jl3uj5keqq.apps.googleusercontent.com",
              "client_type": 3
            }
          ]
        },
        "ads_service": {
          "status": 2
        }
      }
    }
  ],
  "configuration_version": "1"
}